"ID";"RegioS";"Code_1";"Naam_2";"SorteringNaam_3";"Inwonertal_54"
"0";"GM1680    ";"GM1680    ";"Aa en Hunze                                       ";"Aa en Hunze                                       ";"   25724"
"1";"GM0358    ";"GM0358    ";"Aalsmeer                                          ";"Aalsmeer                                          ";"   33063"
"2";"GM0197    ";"GM0197    ";"Aalten                                            ";"Aalten                                            ";"   27244"
"3";"GM0059    ";"GM0059    ";"Achtkarspelen                                     ";"Achtkarspelen                                     ";"   28149"
"4";"GM0482    ";"GM0482    ";"Alblasserdam                                      ";"Alblasserdam                                      ";"   20356"
"5";"GM0613    ";"GM0613    ";"Albrandswaard                                     ";"Albrandswaard                                     ";"   26357"
"6";"GM0361    ";"GM0361    ";"Alkmaar                                           ";"Alkmaar                                           ";"  111834"
"7";"GM0141    ";"GM0141    ";"Almelo                                            ";"Almelo                                            ";"   73949"
"8";"GM0034    ";"GM0034    ";"Almere                                            ";"Almere                                            ";"  222825"
"9";"GM0484    ";"GM0484    ";"Alphen aan den Rijn                               ";"Alphen aan den Rijn                               ";"  114182"
"10";"GM1723    ";"GM1723    ";"Alphen-Chaam                                      ";"Alphen+Chaam                                      ";"   10463"
"11";"GM1959    ";"GM1959    ";"Altena                                            ";"Altena                                            ";"   57726"
"12";"GM0060    ";"GM0060    ";"Ameland                                           ";"Ameland                                           ";"    3840"
"13";"GM0307    ";"GM0307    ";"Amersfoort                                        ";"Amersfoort                                        ";"  160759"
"14";"GM0362    ";"GM0362    ";"Amstelveen                                        ";"Amstelveen                                        ";"   94418"
"15";"GM0363    ";"GM0363    ";"Amsterdam                                         ";"Amsterdam                                         ";"  918117"
"16";"GM0200    ";"GM0200    ";"Apeldoorn                                         ";"Apeldoorn                                         ";"  167191"
"17";"GM0202    ";"GM0202    ";"Arnhem                                            ";"Arnhem                                            ";"  165770"
"18";"GM0106    ";"GM0106    ";"Assen                                             ";"Assen                                             ";"   69414"
"19";"GM0743    ";"GM0743    ";"Asten                                             ";"Asten                                             ";"   17242"
"20";"GM0744    ";"GM0744    ";"Baarle-Nassau                                     ";"Baarle+Nassau                                     ";"    7071"
"21";"GM0308    ";"GM0308    ";"Baarn                                             ";"Baarn                                             ";"   25008"
"22";"GM0489    ";"GM0489    ";"Barendrecht                                       ";"Barendrecht                                       ";"   48812"
"23";"GM0203    ";"GM0203    ";"Barneveld                                         ";"Barneveld                                         ";"   61655"
"24";"GM0888    ";"GM0888    ";"Beek                                              ";"Beek                                              ";"   16132"
"25";"GM1954    ";"GM1954    ";"Beekdaelen                                        ";"Beekdaelen                                        ";"   35966"
"26";"GM0889    ";"GM0889    ";"Beesel                                            ";"Beesel                                            ";"   13449"
"27";"GM1945    ";"GM1945    ";"Berg en Dal                                       ";"Berg en Dal                                       ";"   35420"
"28";"GM1724    ";"GM1724    ";"Bergeijk                                          ";"Bergeijk                                          ";"   19092"
"29";"GM0893    ";"GM0893    ";"Bergen (L.)                                       ";"Bergen (L.)                                       ";"   13119"
"30";"GM0373    ";"GM0373    ";"Bergen (NH.)                                      ";"Bergen (NH.)                                      ";"   30138"
"31";"GM0748    ";"GM0748    ";"Bergen op Zoom                                    ";"Bergen op Zoom                                    ";"   68864"
"32";"GM1859    ";"GM1859    ";"Berkelland                                        ";"Berkelland                                        ";"   44022"
"33";"GM1721    ";"GM1721    ";"Bernheze                                          ";"Bernheze                                          ";"   32263"
"34";"GM0753    ";"GM0753    ";"Best                                              ";"Best                                              ";"   30897"
"35";"GM0209    ";"GM0209    ";"Beuningen                                         ";"Beuningen                                         ";"   26573"
"36";"GM0375    ";"GM0375    ";"Beverwijk                                         ";"Beverwijk                                         ";"   42711"
"37";"GM0310    ";"GM0310    ";"De Bilt                                           ";"Bilt De                                           ";"   43884"
"38";"GM1728    ";"GM1728    ";"Bladel                                            ";"Bladel                                            ";"   21009"
"39";"GM0376    ";"GM0376    ";"Blaricum                                          ";"Blaricum                                          ";"   12490"
"40";"GM0377    ";"GM0377    ";"Bloemendaal                                       ";"Bloemendaal                                       ";"   23922"
"41";"GM1901    ";"GM1901    ";"Bodegraven-Reeuwijk                               ";"Bodegraven+Reeuwijk                               ";"   36308"
"42";"GM0755    ";"GM0755    ";"Boekel                                            ";"Boekel                                            ";"   11163"
"43";"GM1681    ";"GM1681    ";"Borger-Odoorn                                     ";"Borger+Odoorn                                     ";"   25919"
"44";"GM0147    ";"GM0147    ";"Borne                                             ";"Borne                                             ";"   24524"
"45";"GM0654    ";"GM0654    ";"Borsele                                           ";"Borsele                                           ";"   23159"
"46";"GM0757    ";"GM0757    ";"Boxtel                                            ";"Boxtel                                            ";"   33748"
"47";"GM0758    ";"GM0758    ";"Breda                                             ";"Breda                                             ";"  186438"
"48";"GM1876    ";"GM1876    ";"Bronckhorst                                       ";"Bronckhorst                                       ";"   36277"
"49";"GM0213    ";"GM0213    ";"Brummen                                           ";"Brummen                                           ";"   21105"
"50";"GM0899    ";"GM0899    ";"Brunssum                                          ";"Brunssum                                          ";"   27682"
"51";"GM0312    ";"GM0312    ";"Bunnik                                            ";"Bunnik                                            ";"   16026"
"52";"GM0313    ";"GM0313    ";"Bunschoten                                        ";"Bunschoten                                        ";"   22500"
"53";"GM0214    ";"GM0214    ";"Buren                                             ";"Buren                                             ";"   27725"
"54";"GM0502    ";"GM0502    ";"Capelle aan den IJssel                            ";"Capelle aan den IJssel                            ";"   67552"
"55";"GM0383    ";"GM0383    ";"Castricum                                         ";"Castricum                                         ";"   36345"
"56";"GM0109    ";"GM0109    ";"Coevorden                                         ";"Coevorden                                         ";"   35700"
"57";"GM1706    ";"GM1706    ";"Cranendonck                                       ";"Cranendonck                                       ";"   20851"
"58";"GM0216    ";"GM0216    ";"Culemborg                                         ";"Culemborg                                         ";"   29729"
"59";"GM0148    ";"GM0148    ";"Dalfsen                                           ";"Dalfsen                                           ";"   29612"
"60";"GM1891    ";"GM1891    ";"Dantumadiel                                       ";"Dantumadiel                                       ";"   19194"
"61";"GM0503    ";"GM0503    ";"Delft                                             ";"Delft                                             ";"  106086"
"62";"GM0762    ";"GM0762    ";"Deurne                                            ";"Deurne                                            ";"   32977"
"63";"GM0150    ";"GM0150    ";"Deventer                                          ";"Deventer                                          ";"  102781"
"64";"GM0384    ";"GM0384    ";"Diemen                                            ";"Diemen                                            ";"   32785"
"65";"GM1980    ";"GM1980    ";"Dijk en Waard                                     ";"Dijk+en+Waard                                     ";"   88985"
"66";"GM1774    ";"GM1774    ";"Dinkelland                                        ";"Dinkelland                                        ";"   26743"
"67";"GM0221    ";"GM0221    ";"Doesburg                                          ";"Doesburg                                          ";"   11081"
"68";"GM0222    ";"GM0222    ";"Doetinchem                                        ";"Doetinchem                                        ";"   59195"
"69";"GM0766    ";"GM0766    ";"Dongen                                            ";"Dongen                                            ";"   27200"
"70";"GM0505    ";"GM0505    ";"Dordrecht                                         ";"Dordrecht                                         ";"  121434"
"71";"GM0498    ";"GM0498    ";"Drechterland                                      ";"Drechterland                                      ";"   20385"
"72";"GM1719    ";"GM1719    ";"Drimmelen                                         ";"Drimmelen                                         ";"   27994"
"73";"GM0303    ";"GM0303    ";"Dronten                                           ";"Dronten                                           ";"   43593"
"74";"GM0225    ";"GM0225    ";"Druten                                            ";"Druten                                            ";"   19505"
"75";"GM0226    ";"GM0226    ";"Duiven                                            ";"Duiven                                            ";"   24937"
"76";"GM1711    ";"GM1711    ";"Echt-Susteren                                     ";"Echt+Susteren                                     ";"   31967"
"77";"GM0385    ";"GM0385    ";"Edam-Volendam                                     ";"Edam+Volendam                                     ";"   36760"
"78";"GM0228    ";"GM0228    ";"Ede                                               ";"Ede                                               ";"  122012"
"79";"GM0317    ";"GM0317    ";"Eemnes                                            ";"Eemnes                                            ";"    9598"
"80";"GM1979    ";"GM1979    ";"Eemsdelta                                         ";"Eemsdelta                                         ";"   45394"
"81";"GM0770    ";"GM0770    ";"Eersel                                            ";"Eersel                                            ";"   20004"
"82";"GM1903    ";"GM1903    ";"Eijsden-Margraten                                 ";"Eijsden+Margraten                                 ";"   25991"
"83";"GM0772    ";"GM0772    ";"Eindhoven                                         ";"Eindhoven                                         ";"  243730"
"84";"GM0230    ";"GM0230    ";"Elburg                                            ";"Elburg                                            ";"   24037"
"85";"GM0114    ";"GM0114    ";"Emmen                                             ";"Emmen                                             ";"  108765"
"86";"GM0388    ";"GM0388    ";"Enkhuizen                                         ";"Enkhuizen                                         ";"   18885"
"87";"GM0153    ";"GM0153    ";"Enschede                                          ";"Enschede                                          ";"  161235"
"88";"GM0232    ";"GM0232    ";"Epe                                               ";"Epe                                               ";"   33283"
"89";"GM0233    ";"GM0233    ";"Ermelo                                            ";"Ermelo                                            ";"   27496"
"90";"GM0777    ";"GM0777    ";"Etten-Leur                                        ";"Etten+Leur                                        ";"   44578"
"91";"GM1940    ";"GM1940    ";"De Fryske Marren                                  ";"Fryske Marren De                                  ";"   51992"
"92";"GM0779    ";"GM0779    ";"Geertruidenberg                                   ";"Geertruidenberg                                   ";"   22099"
"93";"GM1771    ";"GM1771    ";"Geldrop-Mierlo                                    ";"Geldrop+Mierlo                                    ";"   40441"
"94";"GM1652    ";"GM1652    ";"Gemert-Bakel                                      ";"Gemert+Bakel                                      ";"   31383"
"95";"GM0907    ";"GM0907    ";"Gennep                                            ";"Gennep                                            ";"   17764"
"96";"GM0784    ";"GM0784    ";"Gilze en Rijen                                    ";"Gilze en Rijen                                    ";"   26815"
"97";"GM1924    ";"GM1924    ";"Goeree-Overflakkee                                ";"Goeree+Overflakkee                                ";"   51590"
"98";"GM0664    ";"GM0664    ";"Goes                                              ";"Goes                                              ";"   39433"
"99";"GM0785    ";"GM0785    ";"Goirle                                            ";"Goirle                                            ";"   24177"
"100";"GM1942    ";"GM1942    ";"Gooise Meren                                      ";"Gooise Meren                                      ";"   60341"
"101";"GM0512    ";"GM0512    ";"Gorinchem                                         ";"Gorinchem                                         ";"   38461"
"102";"GM0513    ";"GM0513    ";"Gouda                                             ";"Gouda                                             ";"   75316"
"103";"GM0518    ";"GM0518    ";"'s-Gravenhage                                     ";"Gravenhage 's-                                    ";"  562839"
"104";"GM0014    ";"GM0014    ";"Groningen                                         ";"Groningen                                         ";"  238147"
"105";"GM1729    ";"GM1729    ";"Gulpen-Wittem                                     ";"Gulpen+Wittem                                     ";"   14210"
"106";"GM0158    ";"GM0158    ";"Haaksbergen                                       ";"Haaksbergen                                       ";"   24502"
"107";"GM0392    ";"GM0392    ";"Haarlem                                           ";"Haarlem                                           ";"  165396"
"108";"GM0394    ";"GM0394    ";"Haarlemmermeer                                    ";"Haarlemmermeer                                    ";"  162300"
"109";"GM1655    ";"GM1655    ";"Halderberge                                       ";"Halderberge                                       ";"   31041"
"110";"GM0160    ";"GM0160    ";"Hardenberg                                        ";"Hardenberg                                        ";"   62509"
"111";"GM0243    ";"GM0243    ";"Harderwijk                                        ";"Harderwijk                                        ";"   48906"
"112";"GM0523    ";"GM0523    ";"Hardinxveld-Giessendam                            ";"Hardinxveld+Giessendam                            ";"   18681"
"113";"GM0072    ";"GM0072    ";"Harlingen                                         ";"Harlingen                                         ";"   16188"
"114";"GM0244    ";"GM0244    ";"Hattem                                            ";"Hattem                                            ";"   12563"
"115";"GM0396    ";"GM0396    ";"Heemskerk                                         ";"Heemskerk                                         ";"   39431"
"116";"GM0397    ";"GM0397    ";"Heemstede                                         ";"Heemstede                                         ";"   27778"
"117";"GM0246    ";"GM0246    ";"Heerde                                            ";"Heerde                                            ";"   19214"
"118";"GM0074    ";"GM0074    ";"Heerenveen                                        ";"Heerenveen                                        ";"   51637"
"119";"GM0917    ";"GM0917    ";"Heerlen                                           ";"Heerlen                                           ";"   87122"
"120";"GM1658    ";"GM1658    ";"Heeze-Leende                                      ";"Heeze+Leende                                      ";"   16627"
"121";"GM0399    ";"GM0399    ";"Heiloo                                            ";"Heiloo                                            ";"   24319"
"122";"GM0400    ";"GM0400    ";"Den Helder                                        ";"Helder Den                                        ";"   56539"
"123";"GM0163    ";"GM0163    ";"Hellendoorn                                       ";"Hellendoorn                                       ";"   36261"
"124";"GM0794    ";"GM0794    ";"Helmond                                           ";"Helmond                                           ";"   94898"
"125";"GM0531    ";"GM0531    ";"Hendrik-Ido-Ambacht                               ";"Hendrik+Ido+Ambacht                               ";"   32183"
"126";"GM0164    ";"GM0164    ";"Hengelo                                           ";"Hengelo                                           ";"   82311"
"127";"GM0796    ";"GM0796    ";"'s-Hertogenbosch                                  ";"Hertogenbosch 's-                                 ";"  158753"
"128";"GM0252    ";"GM0252    ";"Heumen                                            ";"Heumen                                            ";"   16824"
"129";"GM0797    ";"GM0797    ";"Heusden                                           ";"Heusden                                           ";"   45830"
"130";"GM0534    ";"GM0534    ";"Hillegom                                          ";"Hillegom                                          ";"   22453"
"131";"GM0798    ";"GM0798    ";"Hilvarenbeek                                      ";"Hilvarenbeek                                      ";"   15949"
"132";"GM0402    ";"GM0402    ";"Hilversum                                         ";"Hilversum                                         ";"   93345"
"133";"GM1963    ";"GM1963    ";"Hoeksche Waard                                    ";"Hoeksche+Waard                                    ";"   89760"
"134";"GM1735    ";"GM1735    ";"Hof van Twente                                    ";"Hof van Twente                                    ";"   35455"
"135";"GM1966    ";"GM1966    ";"Het Hogeland                                      ";"Hogeland+Het                                      ";"   48298"
"136";"GM1911    ";"GM1911    ";"Hollands Kroon                                    ";"Hollands Kroon                                    ";"   49431"
"137";"GM0118    ";"GM0118    ";"Hoogeveen                                         ";"Hoogeveen                                         ";"   56433"
"138";"GM0405    ";"GM0405    ";"Hoorn                                             ";"Hoorn                                             ";"   75216"
"139";"GM1507    ";"GM1507    ";"Horst aan de Maas                                 ";"Horst aan de Maas                                 ";"   43641"
"140";"GM0321    ";"GM0321    ";"Houten                                            ";"Houten                                            ";"   50581"
"141";"GM0406    ";"GM0406    ";"Huizen                                            ";"Huizen                                            ";"   41252"
"142";"GM0677    ";"GM0677    ";"Hulst                                             ";"Hulst                                             ";"   27596"
"143";"GM0353    ";"GM0353    ";"IJsselstein                                       ";"IJsselstein                                       ";"   33492"
"144";"GM1884    ";"GM1884    ";"Kaag en Braassem                                  ";"Kaag                                              ";"   28573"
"145";"GM0166    ";"GM0166    ";"Kampen                                            ";"Kampen                                            ";"   55614"
"146";"GM0678    ";"GM0678    ";"Kapelle                                           ";"Kapelle                                           ";"   13051"
"147";"GM0537    ";"GM0537    ";"Katwijk                                           ";"Katwijk                                           ";"   66607"
"148";"GM0928    ";"GM0928    ";"Kerkrade                                          ";"Kerkrade                                          ";"   45620"
"149";"GM1598    ";"GM1598    ";"Koggenland                                        ";"Koggenland                                        ";"   23509"
"150";"GM0542    ";"GM0542    ";"Krimpen aan den IJssel                            ";"Krimpen aan den IJssel                            ";"   29504"
"151";"GM1931    ";"GM1931    ";"Krimpenerwaard                                    ";"Krimpenerwaard                                    ";"   57700"
"152";"GM1659    ";"GM1659    ";"Laarbeek                                          ";"Laarbeek                                          ";"   23260"
"153";"GM1982    ";"GM1982    ";"Land van Cuijk                                    ";"Land+van+Cuijk                                    ";"   91423"
"154";"GM0882    ";"GM0882    ";"Landgraaf                                         ";"Landgraaf                                         ";"   37175"
"155";"GM0415    ";"GM0415    ";"Landsmeer                                         ";"Landsmeer                                         ";"   11705"
"156";"GM1621    ";"GM1621    ";"Lansingerland                                     ";"Lansingerland                                     ";"   64754"
"157";"GM0417    ";"GM0417    ";"Laren                                             ";"Laren                                             ";"   11712"
"158";"GM0080    ";"GM0080    ";"Leeuwarden                                        ";"Leeuwarden                                        ";"  127073"
"159";"GM0546    ";"GM0546    ";"Leiden                                            ";"Leiden                                            ";"  127089"
"160";"GM0547    ";"GM0547    ";"Leiderdorp                                        ";"Leiderdorp                                        ";"   27657"
"161";"GM1916    ";"GM1916    ";"Leidschendam-Voorburg                             ";"Leidschendam+Voorburg                             ";"   77753"
"162";"GM0995    ";"GM0995    ";"Lelystad                                          ";"Lelystad                                          ";"   83033"
"163";"GM1640    ";"GM1640    ";"Leudal                                            ";"Leudal                                            ";"   36141"
"164";"GM0327    ";"GM0327    ";"Leusden                                           ";"Leusden                                           ";"   31467"
"165";"GM1705    ";"GM1705    ";"Lingewaard                                        ";"Lingewaard                                        ";"   47220"
"166";"GM0553    ";"GM0553    ";"Lisse                                             ";"Lisse                                             ";"   23390"
"167";"GM0262    ";"GM0262    ";"Lochem                                            ";"Lochem                                            ";"   34314"
"168";"GM0809    ";"GM0809    ";"Loon op Zand                                      ";"Loon op Zand                                      ";"   23797"
"169";"GM0331    ";"GM0331    ";"Lopik                                             ";"Lopik                                             ";"   14704"
"170";"GM0168    ";"GM0168    ";"Losser                                            ";"Losser                                            ";"   23362"
"171";"GM0263    ";"GM0263    ";"Maasdriel                                         ";"Maasdriel                                         ";"   26020"
"172";"GM1641    ";"GM1641    ";"Maasgouw                                          ";"Maasgouw                                          ";"   24305"
"173";"GM1991    ";"GM1991    ";"Maashorst                                         ";"Maashorst                                         ";"   58934"
"174";"GM0556    ";"GM0556    ";"Maassluis                                         ";"Maassluis                                         ";"   35303"
"175";"GM0935    ";"GM0935    ";"Maastricht                                        ";"Maastricht                                        ";"  122734"
"176";"GM0420    ";"GM0420    ";"Medemblik                                         ";"Medemblik                                         ";"   46031"
"177";"GM0938    ";"GM0938    ";"Meerssen                                          ";"Meerssen                                          ";"   18600"
"178";"GM1948    ";"GM1948    ";"Meierijstad                                       ";"Meierijstad                                       ";"   83715"
"179";"GM0119    ";"GM0119    ";"Meppel                                            ";"Meppel                                            ";"   35464"
"180";"GM0687    ";"GM0687    ";"Middelburg                                        ";"Middelburg                                        ";"   49956"
"181";"GM1842    ";"GM1842    ";"Midden-Delfland                                   ";"Midden+Delfland                                   ";"   19472"
"182";"GM1731    ";"GM1731    ";"Midden-Drenthe                                    ";"Midden+Drenthe                                    ";"   33987"
"183";"GM1952    ";"GM1952    ";"Midden-Groningen                                  ";"Midden+Groningen                                  ";"   61554"
"184";"GM1709    ";"GM1709    ";"Moerdijk                                          ";"Moerdijk                                          ";"   37711"
"185";"GM1978    ";"GM1978    ";"Molenlanden                                       ";"Molenlanden                                       ";"   45158"
"186";"GM1955    ";"GM1955    ";"Montferland                                       ";"Montferland                                       ";"   36882"
"187";"GM0335    ";"GM0335    ";"Montfoort                                         ";"Montfoort                                         ";"   13929"
"188";"GM0944    ";"GM0944    ";"Mook en Middelaar                                 ";"Mook en Middelaar                                 ";"    8043"
"189";"GM1740    ";"GM1740    ";"Neder-Betuwe                                      ";"Neder+Betuwe                                      ";"   25448"
"190";"GM0946    ";"GM0946    ";"Nederweert                                        ";"Nederweert                                        ";"   17499"
"191";"GM0356    ";"GM0356    ";"Nieuwegein                                        ";"Nieuwegein                                        ";"   65426"
"192";"GM0569    ";"GM0569    ";"Nieuwkoop                                         ";"Nieuwkoop                                         ";"   29463"
"193";"GM0267    ";"GM0267    ";"Nijkerk                                           ";"Nijkerk                                           ";"   44975"
"194";"GM0268    ";"GM0268    ";"Nijmegen                                          ";"Nijmegen                                          ";"  182480"
"195";"GM1930    ";"GM1930    ";"Nissewaard                                        ";"Nissewaard                                        ";"   86833"
"196";"GM1970    ";"GM1970    ";"Noardeast-Fryslân                                 ";"Noardeast+Fryslân                                 ";"   45812"
"197";"GM1695    ";"GM1695    ";"Noord-Beveland                                    ";"Noord+Beveland                                    ";"    7857"
"198";"GM1699    ";"GM1699    ";"Noordenveld                                       ";"Noordenveld                                       ";"   31591"
"199";"GM0171    ";"GM0171    ";"Noordoostpolder                                   ";"Noordoostpolder                                   ";"   49729"
"200";"GM0575    ";"GM0575    ";"Noordwijk                                         ";"Noordwijk                                         ";"   45179"
"201";"GM0820    ";"GM0820    ";"Nuenen Gerwen en Nederwetten                     ";"Nuenen Gerwen en Nederwetten                     ";"   24015"
"202";"GM0302    ";"GM0302    ";"Nunspeet                                          ";"Nunspeet                                          ";"   28731"
"203";"GM0579    ";"GM0579    ";"Oegstgeest                                        ";"Oegstgeest                                        ";"   25746"
"204";"GM0823    ";"GM0823    ";"Oirschot                                          ";"Oirschot                                          ";"   19217"
"205";"GM0824    ";"GM0824    ";"Oisterwijk                                        ";"Oisterwijk                                        ";"   32941"
"206";"GM1895    ";"GM1895    ";"Oldambt                                           ";"Oldambt                                           ";"   39044"
"207";"GM0269    ";"GM0269    ";"Oldebroek                                         ";"Oldebroek                                         ";"   24264"
"208";"GM0173    ";"GM0173    ";"Oldenzaal                                         ";"Oldenzaal                                         ";"   31925"
"209";"GM1773    ";"GM1773    ";"Olst-Wijhe                                        ";"Olst+Wijhe                                        ";"   18682"
"210";"GM0175    ";"GM0175    ";"Ommen                                             ";"Ommen                                             ";"   18955"
"211";"GM1586    ";"GM1586    ";"Oost Gelre                                        ";"Oost Gelre                                        ";"   29846"
"212";"GM0826    ";"GM0826    ";"Oosterhout                                        ";"Oosterhout                                        ";"   57425"
"213";"GM0085    ";"GM0085    ";"Ooststellingwerf                                  ";"Ooststellingwerf                                  ";"   25837"
"214";"GM0431    ";"GM0431    ";"Oostzaan                                          ";"Oostzaan                                          ";"    9720"
"215";"GM0432    ";"GM0432    ";"Opmeer                                            ";"Opmeer                                            ";"   12180"
"216";"GM0086    ";"GM0086    ";"Opsterland                                        ";"Opsterland                                        ";"   30054"
"217";"GM0828    ";"GM0828    ";"Oss                                               ";"Oss                                               ";"   94437"
"218";"GM1509    ";"GM1509    ";"Oude IJsselstreek                                 ";"Oude IJsselstreek                                 ";"   39613"
"219";"GM0437    ";"GM0437    ";"Ouder-Amstel                                      ";"Ouder+Amstel                                      ";"   14276"
"220";"GM0589    ";"GM0589    ";"Oudewater                                         ";"Oudewater                                         ";"   10232"
"221";"GM1734    ";"GM1734    ";"Overbetuwe                                        ";"Overbetuwe                                        ";"   48707"
"222";"GM0590    ";"GM0590    ";"Papendrecht                                       ";"Papendrecht                                       ";"   32277"
"223";"GM1894    ";"GM1894    ";"Peel en Maas                                      ";"Peel en Maas                                      ";"   45276"
"224";"GM0765    ";"GM0765    ";"Pekela                                            ";"Pekela                                            ";"   12404"
"225";"GM1926    ";"GM1926    ";"Pijnacker-Nootdorp                                ";"Pijnacker+Nootdorp                                ";"   57672"
"226";"GM0439    ";"GM0439    ";"Purmerend                                         ";"Purmerend                                         ";"   93992"
"227";"GM0273    ";"GM0273    ";"Putten                                            ";"Putten                                            ";"   24904"
"228";"GM0177    ";"GM0177    ";"Raalte                                            ";"Raalte                                            ";"   38500"
"229";"GM0703    ";"GM0703    ";"Reimerswaal                                       ";"Reimerswaal                                       ";"   23255"
"230";"GM0274    ";"GM0274    ";"Renkum                                            ";"Renkum                                            ";"   31461"
"231";"GM0339    ";"GM0339    ";"Renswoude                                         ";"Renswoude                                         ";"    5747"
"232";"GM1667    ";"GM1667    ";"Reusel-De Mierden                                 ";"Reusel+De Mierden                                 ";"   13542"
"233";"GM0275    ";"GM0275    ";"Rheden                                            ";"Rheden                                            ";"   43570"
"234";"GM0340    ";"GM0340    ";"Rhenen                                            ";"Rhenen                                            ";"   20329"
"235";"GM0597    ";"GM0597    ";"Ridderkerk                                        ";"Ridderkerk                                        ";"   47477"
"236";"GM1742    ";"GM1742    ";"Rijssen-Holten                                    ";"Rijssen+Holten                                    ";"   38493"
"237";"GM0603    ";"GM0603    ";"Rijswijk                                          ";"Rijswijk                                          ";"   57997"
"238";"GM1669    ";"GM1669    ";"Roerdalen                                         ";"Roerdalen                                         ";"   20702"
"239";"GM0957    ";"GM0957    ";"Roermond                                          ";"Roermond                                          ";"   59981"
"240";"GM0736    ";"GM0736    ";"De Ronde Venen                                    ";"Ronde Venen De                                    ";"   45572"
"241";"GM1674    ";"GM1674    ";"Roosendaal                                        ";"Roosendaal                                        ";"   77613"
"242";"GM0599    ";"GM0599    ";"Rotterdam                                         ";"Rotterdam                                         ";"  663900"
"243";"GM0277    ";"GM0277    ";"Rozendaal                                         ";"Rozendaal                                         ";"    1754"
"244";"GM0840    ";"GM0840    ";"Rucphen                                           ";"Rucphen                                           ";"   23636"
"245";"GM0441    ";"GM0441    ";"Schagen                                           ";"Schagen                                           ";"   47450"
"246";"GM0279    ";"GM0279    ";"Scherpenzeel                                      ";"Scherpenzeel                                      ";"   10386"
"247";"GM0606    ";"GM0606    ";"Schiedam                                          ";"Schiedam                                          ";"   80628"
"248";"GM0088    ";"GM0088    ";"Schiermonnikoog                                   ";"Schiermonnikoog                                   ";"     982"
"249";"GM1676    ";"GM1676    ";"Schouwen-Duiveland                                ";"Schouwen+Duiveland                                ";"   34561"
"250";"GM0965    ";"GM0965    ";"Simpelveld                                        ";"Simpelveld                                        ";"   10396"
"251";"GM0845    ";"GM0845    ";"Sint-Michielsgestel                               ";"Sint+Michielsgestel                               ";"   30135"
"252";"GM1883    ";"GM1883    ";"Sittard-Geleen                                    ";"Sittard+Geleen                                    ";"   92234"
"253";"GM0610    ";"GM0610    ";"Sliedrecht                                        ";"Sliedrecht                                        ";"   26184"
"254";"GM1714    ";"GM1714    ";"Sluis                                             ";"Sluis                                             ";"   23243"
"255";"GM0090    ";"GM0090    ";"Smallingerland                                    ";"Smallingerland                                    ";"   56098"
"256";"GM0342    ";"GM0342    ";"Soest                                             ";"Soest                                             ";"   47439"
"257";"GM0847    ";"GM0847    ";"Someren                                           ";"Someren                                           ";"   20061"
"258";"GM0848    ";"GM0848    ";"Son en Breugel                                    ";"Son en Breugel                                    ";"   18010"
"259";"GM0037    ";"GM0037    ";"Stadskanaal                                       ";"Stadskanaal                                       ";"   32135"
"260";"GM0180    ";"GM0180    ";"Staphorst                                         ";"Staphorst                                         ";"   17628"
"261";"GM0532    ";"GM0532    ";"Stede Broec                                       ";"Stede Broec                                       ";"   22138"
"262";"GM0851    ";"GM0851    ";"Steenbergen                                       ";"Steenbergen                                       ";"   24610"
"263";"GM1708    ";"GM1708    ";"Steenwijkerland                                   ";"Steenwijkerland                                   ";"   45376"
"264";"GM0971    ";"GM0971    ";"Stein                                             ";"Stein                                             ";"   24772"
"265";"GM1904    ";"GM1904    ";"Stichtse Vecht                                    ";"Stichtse Vecht                                    ";"   65771"
"266";"GM1900    ";"GM1900    ";"Súdwest-Fryslân                                   ";"Sudwest-Fryslan                                   ";"   90883"
"267";"GM0715    ";"GM0715    ";"Terneuzen                                         ";"Terneuzen                                         ";"   54993"
"268";"GM0093    ";"GM0093    ";"Terschelling                                      ";"Terschelling                                      ";"    4928"
"269";"GM0448    ";"GM0448    ";"Texel                                             ";"Texel                                             ";"   13979"
"270";"GM1525    ";"GM1525    ";"Teylingen                                         ";"Teylingen                                         ";"   38510"
"271";"GM0716    ";"GM0716    ";"Tholen                                            ";"Tholen                                            ";"   26825"
"272";"GM0281    ";"GM0281    ";"Tiel                                              ";"Tiel                                              ";"   42604"
"273";"GM0855    ";"GM0855    ";"Tilburg                                           ";"Tilburg                                           ";"  227707"
"274";"GM0183    ";"GM0183    ";"Tubbergen                                         ";"Tubbergen                                         ";"   21408"
"275";"GM1700    ";"GM1700    ";"Twenterand                                        ";"Twenterand                                        ";"   33867"
"276";"GM1730    ";"GM1730    ";"Tynaarlo                                          ";"Tynaarlo                                          ";"   34592"
"277";"GM0737    ";"GM0737    ";"Tytsjerksteradiel                                 ";"Tytsjerksteradiel                                 ";"   32408"
"278";"GM0450    ";"GM0450    ";"Uitgeest                                          ";"Uitgeest                                          ";"   13472"
"279";"GM0451    ";"GM0451    ";"Uithoorn                                          ";"Uithoorn                                          ";"   31442"
"280";"GM0184    ";"GM0184    ";"Urk                                               ";"Urk                                               ";"   21829"
"281";"GM0344    ";"GM0344    ";"Utrecht                                           ";"Utrecht                                           ";"  367947"
"282";"GM1581    ";"GM1581    ";"Utrechtse Heuvelrug                               ";"Utrechtse Heuvelrug                               ";"   50429"
"283";"GM0981    ";"GM0981    ";"Vaals                                             ";"Vaals                                             ";"   10190"
"284";"GM0994    ";"GM0994    ";"Valkenburg aan de Geul                            ";"Valkenburg aan de Geul                            ";"   16423"
"285";"GM0858    ";"GM0858    ";"Valkenswaard                                      ";"Valkenswaard                                      ";"   31527"
"286";"GM0047    ";"GM0047    ";"Veendam                                           ";"Veendam                                           ";"   27616"
"287";"GM0345    ";"GM0345    ";"Veenendaal                                        ";"Veenendaal                                        ";"   68525"
"288";"GM0717    ";"GM0717    ";"Veere                                             ";"Veere                                             ";"   22045"
"289";"GM0861    ";"GM0861    ";"Veldhoven                                         ";"Veldhoven                                         ";"   46417"
"290";"GM0453    ";"GM0453    ";"Velsen                                            ";"Velsen                                            ";"   68790"
"291";"GM0983    ";"GM0983    ";"Venlo                                             ";"Venlo                                             ";"  103328"
"292";"GM0984    ";"GM0984    ";"Venray                                            ";"Venray                                            ";"   44628"
"293";"GM1961    ";"GM1961    ";"Vijfheerenlanden                                  ";"Vijfheerenlanden                                  ";"   60052"
"294";"GM0622    ";"GM0622    ";"Vlaardingen                                       ";"Vlaardingen                                       ";"   75079"
"295";"GM0096    ";"GM0096    ";"Vlieland                                          ";"Vlieland                                          ";"    1291"
"296";"GM0718    ";"GM0718    ";"Vlissingen                                        ";"Vlissingen                                        ";"   45150"
"297";"GM0986    ";"GM0986    ";"Voerendaal                                        ";"Voerendaal                                        ";"   12405"
"298";"GM1992    ";"GM1992    ";"Voorne aan Zee                                    ";"Voorne aan Zee                                    ";"   73945"
"299";"GM0626    ";"GM0626    ";"Voorschoten                                       ";"Voorschoten                                       ";"   25665"
"300";"GM0285    ";"GM0285    ";"Voorst                                            ";"Voorst                                            ";"   25215"
"301";"GM0865    ";"GM0865    ";"Vught                                             ";"Vught                                             ";"   32113"
"302";"GM1949    ";"GM1949    ";"Waadhoeke                                         ";"Waadhoeke                                         ";"   46718"
"303";"GM0866    ";"GM0866    ";"Waalre                                            ";"Waalre                                            ";"   17980"
"304";"GM0867    ";"GM0867    ";"Waalwijk                                          ";"Waalwijk                                          ";"   49952"
"305";"GM0627    ";"GM0627    ";"Waddinxveen                                       ";"Waddinxveen                                       ";"   32601"
"306";"GM0289    ";"GM0289    ";"Wageningen                                        ";"Wageningen                                        ";"   40960"
"307";"GM0629    ";"GM0629    ";"Wassenaar                                         ";"Wassenaar                                         ";"   27093"
"308";"GM0852    ";"GM0852    ";"Waterland                                         ";"Waterland                                         ";"   17609"
"309";"GM0988    ";"GM0988    ";"Weert                                             ";"Weert                                             ";"   50872"
"310";"GM1960    ";"GM1960    ";"West Betuwe                                       ";"West Betuwe                                       ";"   52720"
"311";"GM0668    ";"GM0668    ";"West Maas en Waal                                 ";"West Maas en Waal                                 ";"   20065"
"312";"GM1969    ";"GM1969    ";"Westerkwartier                                    ";"Westerkwartier                                    ";"   64946"
"313";"GM1701    ";"GM1701    ";"Westerveld                                        ";"Westerveld                                        ";"   19860"
"314";"GM0293    ";"GM0293    ";"Westervoort                                       ";"Westervoort                                       ";"   15114"
"315";"GM1950    ";"GM1950    ";"Westerwolde                                       ";"Westerwolde                                       ";"   26537"
"316";"GM1783    ";"GM1783    ";"Westland                                          ";"Westland                                          ";"  114887"
"317";"GM0098    ";"GM0098    ";"Weststellingwerf                                  ";"Weststellingwerf                                  ";"   26467"
"318";"GM0189    ";"GM0189    ";"Wierden                                           ";"Wierden                                           ";"   24862"
"319";"GM0296    ";"GM0296    ";"Wijchen                                           ";"Wijchen                                           ";"   41537"
"320";"GM1696    ";"GM1696    ";"Wijdemeren                                        ";"Wijdemeren                                        ";"   24659"
"321";"GM0352    ";"GM0352    ";"Wijk bij Duurstede                                ";"Wijk bij Duurstede                                ";"   23995"
"322";"GM0294    ";"GM0294    ";"Winterswijk                                       ";"Winterswijk                                       ";"   29253"
"323";"GM0873    ";"GM0873    ";"Woensdrecht                                       ";"Woensdrecht                                       ";"   22191"
"324";"GM0632    ";"GM0632    ";"Woerden                                           ";"Woerden                                           ";"   53244"
"325";"GM1690    ";"GM1690    ";"De Wolden                                         ";"Wolden De                                         ";"   24602"
"326";"GM0880    ";"GM0880    ";"Wormerland                                        ";"Wormerland                                        ";"   16612"
"327";"GM0351    ";"GM0351    ";"Woudenberg                                        ";"Woudenberg                                        ";"   14358"
"328";"GM0479    ";"GM0479    ";"Zaanstad                                          ";"Zaanstad                                          ";"  159618"
"329";"GM0297    ";"GM0297    ";"Zaltbommel                                        ";"Zaltbommel                                        ";"   30349"
"330";"GM0473    ";"GM0473    ";"Zandvoort                                         ";"Zandvoort                                         ";"   17542"
"331";"GM0050    ";"GM0050    ";"Zeewolde                                          ";"Zeewolde                                          ";"   23692"
"332";"GM0355    ";"GM0355    ";"Zeist                                             ";"Zeist                                             ";"   66629"
"333";"GM0299    ";"GM0299    ";"Zevenaar                                          ";"Zevenaar                                          ";"   45042"
"334";"GM0637    ";"GM0637    ";"Zoetermeer                                        ";"Zoetermeer                                        ";"  126998"
"335";"GM0638    ";"GM0638    ";"Zoeterwoude                                       ";"Zoeterwoude                                       ";"    9443"
"336";"GM1892    ";"GM1892    ";"Zuidplas                                          ";"Zuidplas                                          ";"   46981"
"337";"GM0879    ";"GM0879    ";"Zundert                                           ";"Zundert                                           ";"   22518"
"338";"GM0301    ";"GM0301    ";"Zutphen                                           ";"Zutphen                                           ";"   48510"
"339";"GM1896    ";"GM1896    ";"Zwartewaterland                                   ";"Zwartewaterland                                   ";"   23368"
"340";"GM0642    ";"GM0642    ";"Zwijndrecht                                       ";"Zwijndrecht                                       ";"   45018"
"341";"GM0193    ";"GM0193    ";"Zwolle                                            ";"Zwolle                                            ";"  132411"
